{
  "total_episodes": 60,
  "phase1_episodes": 30,
  "phase2_episodes": 30,
  "phase1_avg_reward": 0.25436,
  "phase2_avg_reward": 0.25786000000000003,
  "phase1_rewards": [
    0.2025,
    0.2025,
    0.2025,
    0.2025,
    0.2025,
    0.2737,
    0.3037,
    0.3037,
    0.4225,
    0.4225,
    0.1725,
    0.1725,
    0.1725,
    0.2025,
    0.2025,
    0.3037,
    0.2737,
    0.3037,
    0.3925,
    0.4225,
    0.1725,
    0.1725,
    0.2025,
    0.1725,
    0.1725,
    0.3037,
    0.3037,
    0.3037,
    0.3925,
    0.0775
  ],
  "phase2_rewards": [
    0.195,
    0.195,
    0.195,
    0.195,
    0.195,
    0.3112,
    0.3112,
    0.3112,
    0.43,
    0.43,
    0.165,
    0.165,
    0.195,
    0.195,
    0.195,
    0.2812,
    0.3112,
    0.3112,
    0.43,
    0.4,
    0.195,
    0.195,
    0.195,
    0.195,
    0.195,
    0.2812,
    0.3112,
    0.3112,
    0.4,
    0.04
  ]
}